objid,xcordinate,ycordinate,width,height,speed
0,0,438,640,74,1922.709605815346
1,0,0,640,74,1845.211247341833
2,511,63,18,8,1841.1021934527223
3,514,384,77,17,105.08337104041611
4,448,356,22,18,105.0401208671625
5,164,144,14,292,105.0149546295416
6,415,341,19,16,67.36310454963933
6,408,338,23,16,61.65833216938363
6,402,336,22,16,57.849826849787554
6,398,334,20,16,53.57002556621673
7,366,324,24,16,40.79891683195175
7,362,322,23,16,38.648278485719544
7,360,321,20,16,36.68765666908913
7,356,320,22,17,34.91075752031323
7,347,316,24,18,33.66268959975541
7,344,315,24,17,32.48905502596399
7,344,314,22,16,31.36562256638314
7,340,313,26,17,30.020220096511892
8,0,334,7,34,28.79790640604801
7,334,310,32,17,28.792495544861374
9,604,126,11,73,28.789025496813228
8,0,331,7,37,27.649745188892503
7,330,308,30,17,27.645033905836943
9,604,126,11,73,27.641613557245382
7,327,307,32,17,26.56768792693191
9,604,126,10,73,26.56368055686276
7,325,305,32,17,25.812824246408084
7,318,303,40,21,24.905937730473198
7,316,302,40,21,24.051856212207152
7,314,302,43,19,23.267851164649933
7,313,300,34,20,22.533837008235384
7,309,298,43,17,21.83573855169371
7,306,296,37,19,21.326798190671493
7,306,296,38,19,20.704620569422225
7,304,295,29,19,20.238843778300822
7,300,294,30,17,19.683612791132823
7,304,286,26,20,19.15877970761826
10,334,304,34,25,18.663132123023587
7,318,265,20,47,18.66102336066017
10,354,315,16,17,18.293212407447353
7,324,248,24,54,18.291070095383443
10,355,315,15,18,17.839419740970744
7,327,226,29,77,17.837320172288614
10,355,315,15,18,17.497000628002294
7,330,216,28,86,17.49539100096556
7,332,204,28,98,17.074072408875168
7,332,196,30,106,16.766000772740604
7,337,180,28,122,16.38816631631123
7,340,172,26,99,16.027726583235367
7,344,166,24,110,15.678521185410311
11,0,318,11,17,15.341316430146453
7,346,158,27,114,15.339988648990007
11,0,317,11,24,15.009144079928307
7,348,146,31,114,15.007809551230226
11,0,315,12,28,14.689503982258941
7,349,140,34,114,14.6882256870855
11,0,314,13,30,14.453533368967365
7,352,138,32,111,14.45219596836778
11,0,311,13,33,14.157787841160992
7,351,128,34,122,14.15679636456737
11,0,310,15,33,13.87438777982707
7,354,120,32,116,13.873393777390502
12,0,83,6,61,13.87258808470662
11,0,311,15,33,13.604944257141451
7,335,109,51,100,13.60396033765701
12,0,83,6,69,13.603128004646372
11,0,310,16,34,13.332135025439921
7,324,89,56,97,13.331266112527192
12,0,75,7,77,13.330666306881955
11,0,310,16,33,13.119427825318532
7,306,74,64,97,13.118621317190762
11,0,310,15,34,12.887142424257698
13,610,108,12,75,12.886425560318221
7,320,81,43,55,12.886153750215595
13,610,99,10,53,12.647662573484258
7,330,82,30,34,12.647148189752048
14,305,74,37,7,12.646666282597712
14,305,74,31,7,12.401442797846187
15,611,103,13,79,12.18075331941724
15,612,96,12,86,11.960737392615673
16,255,82,41,50,11.960363358765136
15,612,97,13,85,11.80548415889915
16,256,74,56,92,11.805073342020213
15,612,96,14,86,11.605873806668038
17,266,94,62,97,11.605439695627163
17,272,108,76,100,11.408775491395355
15,612,99,15,83,11.408186326266394
17,293,128,55,97,11.216547451718482
15,612,99,16,84,11.216016239862455
17,302,145,43,77,11.080203791462957
18,0,100,6,66,11.07969341720542
15,613,94,16,89,11.07932000241375
19,451,255,23,54,10.90163434717565
20,339,227,13,31,10.901139429770083
17,308,150,31,71,10.900783117062142
15,614,93,26,92,10.90042166420268
18,0,75,10,96,10.900230620231783
21,8,307,9,28,10.737740570542256
19,452,249,24,60,10.73724372195292
22,338,179,17,67,10.736980703078572
17,316,166,21,26,10.736615837914243
15,632,137,8,39,10.736286896071222
23,476,104,8,71,10.736132450636806
15,616,92,15,93,10.73587032098959
18,0,75,10,101,10.735688340418676
24,246,370,10,40,10.606804928473283
21,10,303,13,37,10.606276125869131
19,453,248,23,62,10.60591764561921
25,278,203,43,37,10.605661021233018
26,248,153,18,22,10.605284661263266
27,52,144,11,23,10.60492298983886
15,634,139,6,35,10.604539351844776
23,477,99,9,69,10.604389488066069
28,616,86,20,94,10.604130494347437
29,164,80,10,49,10.603962725294252
30,0,75,17,165,10.603603587060434
24,247,370,10,41,10.437423533944814
21,10,303,13,36,10.436956455030266
19,453,248,19,56,10.436599073214596
25,258,196,68,43,10.436344266248678
26,248,151,18,23,10.43598771515898
27,48,138,18,34,10.435649329689657
31,216,112,23,26,10.435299135668329
23,477,99,9,69,10.434937924118902
15,617,88,18,97,10.4347037020472
29,164,80,11,49,10.434551502768294
32,0,75,17,214,10.43421084482557
24,247,370,10,41,10.277419830755402
21,10,304,15,34,10.276963902439025
19,454,248,11,38,10.276618158271043
25,240,186,80,50,10.276377221997572
26,247,152,20,22,10.276062874512748
33,161,140,8,30,10.275748546258693
27,48,138,18,34,10.275412060437413
23,477,98,9,70,10.275119182763909
15,617,88,15,97,10.274892080238502
29,164,79,11,50,10.274725391844072
32,0,75,17,236,10.274411145406333
24,247,370,10,41,10.119229799351334
21,13,303,13,35,10.118778899054263
25,224,181,95,51,10.118457805413103
26,247,152,20,22,10.118141181062404
33,161,139,9,36,10.117852009859188
27,48,138,18,34,10.117503543447556
23,478,98,8,51,10.117214408689373
15,617,90,15,95,10.116999421761292
29,164,75,13,55,10.11676961825198
32,0,74,17,246,10.116452358305143
24,248,370,9,39,9.969206876980424
34,0,366,3,67,9.96874477536065
21,13,300,14,34,9.968437451119778
35,456,244,9,33,9.968150296413432
26,232,146,40,78,9.967908494755306
36,217,112,26,29,9.96757099955544
23,476,94,11,54,9.967259430459755
15,617,92,15,88,9.967039257117616
29,165,79,14,51,9.966837080360976
32,0,74,24,246,9.96644498156165
24,248,369,10,39,9.829055651936823
34,0,365,5,71,9.828553977520501
21,15,294,14,38,9.828198568342287
35,456,245,13,35,9.827843184866962
26,224,152,80,67,9.827585757771649
37,163,133,8,39,9.827262593934604
36,223,112,23,37,9.826919168217243
23,478,94,10,54,9.826588355143029
15,619,87,14,91,9.82635616984002
29,166,79,14,52,9.826185534624496
32,0,74,22,246,9.825839387126244
24,248,369,11,40,9.69119772178223
34,0,361,7,77,9.690792321191012
21,16,293,15,39,9.690458367324624
35,457,244,17,56,9.690133277523914
38,246,147,73,34,9.689887774369472
36,224,113,22,36,9.68955456284227
15,619,98,14,78,9.689223414091495
23,478,94,10,53,9.689066347341695
29,162,79,18,92,9.688844014804651
32,0,74,22,246,9.688496598151218
24,250,367,9,30,9.557339268551909
34,0,360,8,78,9.556858993332407
21,17,292,15,40,9.556478644319222
35,457,244,17,55,9.556176371130459
39,299,220,25,26,9.55594091555018
38,249,141,96,41,9.555633385708191
36,225,113,21,29,9.555291488669345
23,479,95,10,52,9.554961518404664
29,163,79,18,91,9.554751248641992
32,0,74,23,246,9.554437183684785
40,280,399,18,29,9.427098633379153
24,251,356,10,37,9.42660690170478
34,0,344,13,94,9.42628061070272
21,20,291,16,41,9.425956916309628
35,460,243,18,56,9.425611366512422
39,301,215,21,32,9.425357850744605
38,275,132,89,55,9.42502521241667
41,631,128,9,75,9.424701604236024
36,227,113,25,42,9.424567149320143
23,480,94,12,83,9.42424550240859
29,163,80,21,90,9.423962471286798
42,618,75,22,53,9.423574617611582
32,0,74,27,249,9.42339067164034
40,281,399,16,28,9.299051416664652
24,251,356,10,36,9.298584224357617
34,0,342,14,96,9.298252959599575
43,40,336,24,16,9.297866618234448
21,18,289,19,43,9.297462778681915
35,460,243,18,55,9.297142236446096
39,302,223,22,23,9.296900592263421
23,481,137,10,40,9.296567569571526
38,292,130,76,54,9.296344107194354
41,631,126,9,78,9.296015505566173
44,481,94,11,43,9.295874057541466
29,164,79,20,113,9.295664396928407
42,618,75,17,52,9.295299547426504
32,0,74,27,249,9.295146857337206
40,283,400,14,27,9.172084770581257
24,253,365,8,26,9.171639996678621
34,0,340,14,98,9.17131527804634
21,18,289,20,43,9.170965606770917
35,461,245,17,52,9.170658600317584
41,631,126,9,77,9.170393031951237
38,297,126,87,62,9.170257817270546
23,481,94,11,81,9.169864377413553
29,169,79,15,82,9.169629304076013
42,618,75,17,52,9.169291940088373
32,0,74,29,249,9.169118396082382
40,283,400,14,27,9.049408578777173
34,0,338,15,100,9.048983332502079
21,22,292,17,40,9.048585404615357
45,37,263,14,19,9.047771866659206
38,307,134,87,52,9.047404280876652
41,631,128,9,76,9.047015976727108
23,481,94,11,81,9.046871927328215
29,169,79,15,82,9.046622963874254
42,618,75,17,53,9.046282735979812
32,0,74,29,241,9.046133968409174
40,281,400,20,28,8.926787089389435
34,0,338,15,100,8.926306923067873
21,22,292,17,41,8.925958950193818
45,37,264,14,17,8.92563004555395
46,412,157,23,21,8.925295972498125
47,371,136,42,26,8.925036924424848
41,631,134,9,71,8.924741547198591
23,481,94,11,83,8.924600788367943
48,164,79,20,137,8.924359662656462
42,618,75,15,52,8.92399165379536
32,0,74,30,241,8.923839383144342
40,281,400,20,28,8.808067378130684
34,0,338,15,100,8.80762012473325
21,23,295,16,40,8.807247635530537
45,38,265,13,15,8.806943712178382
46,380,145,76,47,8.806644303583832
41,631,134,9,72,8.806343230292084
23,482,94,11,82,8.806192139700224
42,624,87,9,40,8.805982081841618
48,166,79,18,125,8.805824825833234
32,3,74,28,235,8.805476636086926
40,285,400,16,28,8.720616854597832
34,0,336,17,102,8.720208178402599
21,23,295,16,38,8.719854610768731
46,395,149,73,51,8.719569905025562
41,627,109,13,96,8.719302287565416
48,166,105,14,85,8.719173440572963
23,484,94,9,75,8.718845283382507
32,4,74,28,235,8.71863716964303
40,285,400,16,28,8.609185423559888
34,1,324,16,114,8.60876028623504
21,27,298,14,35,8.608415161434388
46,418,161,70,46,8.6081317825994
41,628,108,12,96,8.607893501201348
48,166,106,15,84,8.607724458208736
32,6,74,26,214,8.607425563515479
40,285,399,17,30,8.523569698836676
34,2,312,19,126,8.523132981682798
21,28,296,15,36,8.522826254100387
49,459,186,63,20,8.522550060331382
46,431,172,27,25,8.522340165038745
41,634,138,6,64,8.522126071970636
32,7,74,28,234,8.522011402465987
34,4,306,18,132,8.415916060479368
21,31,294,13,37,8.415520055148656
49,472,174,78,34,8.415247181972534
32,9,74,25,229,8.415033819787313
34,9,303,13,135,8.335766496829754
21,32,293,12,38,8.335357366488875
49,490,168,72,34,8.335067527231937
32,12,74,23,231,8.334875821715832
34,10,303,12,135,8.235810281602893
21,34,293,10,38,8.23535883566499
49,506,156,78,40,8.235041526792408
32,12,74,24,231,8.234846045263517
34,9,303,14,135,8.152265987229375
21,34,293,10,38,8.151900661404971
50,528,148,81,36,8.151629696469826
32,14,74,22,228,8.151462217383147
34,11,331,13,107,8.072647560430504
21,33,293,10,37,8.072327091526551
51,530,165,26,17,8.072103391937588
50,563,144,53,29,8.071968894988526
32,15,74,20,228,8.071840065271692
34,12,331,12,107,7.979852893142043
21,33,293,10,36,7.979453973386713
50,563,142,59,31,7.979210490526038
32,16,74,18,222,7.97908460464719
34,13,334,10,103,7.889221866373382
21,33,293,10,36,7.888854944229414
50,563,151,24,22,7.8885903667626245
32,16,95,15,201,7.888423606438614
34,14,337,9,99,7.7988317714990005
52,16,240,7,56,7.798484220828668
50,550,106,76,70,7.798207171572075
53,19,95,12,133,7.798063148972221
50,539,100,82,56,7.710606610413642
53,22,95,9,93,7.71039174480243
50,529,96,79,53,7.621882516586606
50,512,89,93,60,7.5580466692263455
50,500,80,85,64,7.476708652635032
50,490,74,96,70,7.4172147775524975
50,486,74,91,67,7.3570945505991965
50,502,80,36,58,7.280735028676345
54,501,82,79,25,7.22397923358202
54,500,84,90,23,7.1678171494832075
54,501,86,100,22,7.110244804244711
54,544,82,60,37,7.039749168625541
54,560,82,66,56,6.9852480244445125
54,565,81,66,77,6.916227493288514
54,567,81,64,80,6.862489240835093
54,601,86,27,53,6.796723193073918
55,526,140,55,44,6.744357742063339
56,495,157,57,45,6.690886911693961
56,474,156,76,59,6.630878823319907
57,456,182,56,52,6.581387194574186
58,423,204,63,58,6.536180341947832
58,414,210,64,64,6.477749445651163
58,398,219,73,64,6.431446399725731
58,390,225,80,73,6.375742787407955
59,390,276,44,54,6.3208867070489285
60,351,357,31,36,6.265954874777365
60,338,357,42,60,6.211415138899155
61,313,396,63,25,6.170077350810198
61,322,363,18,48,6.128745808252021
62,336,322,16,42,6.128525729800423
62,340,334,10,37,6.075394361961554
63,350,286,14,34,6.075161257735976
63,347,254,23,66,6.035608213581229
63,345,233,25,94,5.996431702330517
64,348,190,27,71,5.9456702059947455
64,350,172,26,78,5.90748255493236
65,131,74,20,73,5.907284145943827
64,344,148,33,85,5.870055326800033
65,128,74,24,97,5.869828978984813
64,338,120,36,96,5.821419899759431
65,126,74,26,110,5.821218148620278
66,334,80,23,101,5.78417710987072
67,121,74,30,168,5.783975024246905
66,334,79,23,73,5.747458296979605
67,120,74,30,182,5.747258529672648
66,332,89,14,50,5.711512702131907
68,118,74,32,235,5.7113383421662665
66,331,89,13,37,5.676142038935841
68,116,74,34,261,5.675939731658796
69,113,74,37,363,5.641704896539497
70,354,74,20,32,5.606714618844715
69,112,74,32,363,5.606542728328314
70,352,76,42,55,5.5723556146769795
69,111,74,33,363,5.5721849249049304
70,359,89,47,56,5.538222997834085
69,110,74,30,364,5.53805550336682
71,369,111,66,57,5.5054783243860035
69,108,74,32,364,5.505329048853684
71,375,115,69,63,5.4728630180880655
69,108,74,31,364,5.472716590574894
71,374,116,78,69,5.438954162057382
69,107,74,29,364,5.438808900642685
71,396,134,62,56,5.397798779556779
72,374,120,20,21,5.397667735956786
69,107,74,27,364,5.397569615687887
71,397,134,75,58,5.3571700870534755
69,106,74,28,364,5.357033941798237
71,410,162,81,20,5.316626133514264
69,105,75,27,363,5.316490198732011
71,418,163,86,19,5.285757816789756
69,106,75,24,363,5.2856121245484715
71,424,160,90,20,5.254694258604523
69,106,75,21,363,5.254561872217845
73,107,257,14,181,5.223120784479434
71,430,160,110,18,5.222973387668686
74,107,75,20,181,5.222892184668935
73,107,257,13,181,5.184345391643815
71,433,158,116,18,5.184177400667197
74,107,75,19,174,5.184093117291432
73,108,286,9,132,5.154281201476948
71,471,159,85,15,5.154137664324101
74,107,75,16,170,5.154069169519352
71,470,160,91,15,5.117250030293265
71,482,160,96,16,5.089604266265288
71,484,159,99,19,5.0619029828687285
71,492,160,98,18,5.034343003633834
71,518,160,78,18,5.007005241882769
71,518,159,84,21,4.979666064777817
71,518,160,89,22,4.953093223506765
71,522,160,88,22,4.926896885794331
71,535,160,79,22,4.898912767228815
71,540,162,82,18,4.87355034122673
71,540,162,86,18,4.848087231918198
71,554,163,77,17,4.822840635496822
71,572,163,61,17,4.798090713133935
71,574,162,66,18,4.773623390467432
71,602,162,38,15,4.749210913000555
71,586,160,54,20,4.723096574588085
71,613,159,27,15,4.690389360479817
71,613,156,27,16,4.659814175935658
71,613,156,27,16,4.634892346204963
71,616,157,24,13,4.603550898013962
75,612,154,28,11,4.551620236799357
76,15,272,9,27,4.457706886059253
77,512,302,67,68,4.436274083898442
78,150,189,10,140,4.4361879911390485
79,102,143,18,295,4.436088218942562
80,578,133,13,109,4.435985315750006
80,551,90,29,166,4.435924459737294
77,511,303,68,67,4.408361653979609
78,151,188,9,139,4.408277907892481
79,102,170,17,268,4.408175164938876
80,578,133,13,109,4.408069471363801
80,552,90,29,166,4.408018667068169
77,512,303,67,67,4.386679367425007
78,151,189,10,140,4.38660034535598
79,103,177,16,261,4.386500422054014
80,578,133,12,109,4.386402872315409
80,552,90,29,166,4.386345459354711
77,512,303,67,69,4.359729610869111
79,105,220,13,218,4.359649904851364
78,153,193,8,132,4.359555335170368
80,554,90,27,165,4.359461733121702
77,512,298,67,77,4.339313996738108
79,105,256,13,182,4.339229989668423
78,153,195,8,130,4.339126485430402
80,562,93,20,161,4.339032531313397
77,514,298,65,73,4.318886310275025
79,105,269,12,169,4.318808766129324
78,153,196,8,128,4.318709610947663
80,558,90,25,166,4.318625184034505
77,516,298,73,74,4.298868480490914
79,106,288,11,150,4.298794330352184
80,565,94,19,162,4.298707334353169
79,107,324,10,114,4.272582899014228
77,515,298,73,76,4.272469725543738
80,565,94,21,181,4.2724124800319245
79,107,331,10,107,4.252529932724788
77,515,298,73,77,4.252410091844445
80,565,94,22,181,4.252361764482592
79,108,367,8,71,4.232432588158936
77,531,311,57,63,4.232321012752191
80,565,95,22,183,4.232273140921896
81,577,166,9,110,4.2130348706505885
82,569,105,16,172,4.192311154510979
83,105,240,6,197,4.173735309410408
82,555,93,27,163,4.1736379095466285
83,105,280,6,157,4.145876499030896
84,573,163,8,92,4.145774170863343
85,104,224,7,213,4.12150408287177
86,552,94,28,159,4.121412304150511
85,102,191,9,247,4.103391632188106
86,551,95,28,158,4.103286268756918
87,547,351,27,29,4.085061756623776
88,510,307,38,43,4.085000962703174
85,102,194,9,244,4.084951893780783
86,556,98,23,157,4.08486608642954
87,547,351,29,27,4.065841615662706
85,102,209,8,229,4.065779955746033
86,556,98,23,155,4.065713149636537
87,547,351,27,31,4.042934789280241
85,102,209,8,229,4.042876189801325
86,556,98,23,157,4.042797823052189
87,551,357,27,25,4.024830002432043
85,101,192,9,246,4.02477732348115
87,550,359,27,26,4.001982611929899
85,101,213,8,225,4.0019233376564145
87,544,351,33,35,3.979922066202927
85,101,213,8,225,3.979860919780869
87,532,336,45,50,3.9577762975225235
89,101,271,8,167,3.957707775009324
90,586,356,20,17,3.63285782190785
90,587,355,24,19,3.6182177122250465
90,592,358,26,18,3.6036400083771
90,596,358,26,19,3.590047686155012
90,598,358,27,20,3.575912251307035
90,600,358,26,20,3.5581324007147512
90,603,357,25,21,3.544400543877809
90,604,357,24,20,3.526862716144899
90,602,358,26,19,3.5136718317734577
90,603,356,25,18,3.500466094737871
90,608,362,22,17,3.487341105439665
90,616,362,16,19,3.474482475504444
90,617,364,15,19,3.4617664066756464
91,608,372,20,21,3.4323283390832655
91,612,377,20,21,3.4197705060453654
91,612,377,21,27,3.4073381995706407
91,612,384,22,24,3.394979513627274
91,614,393,20,22,3.380893486197536
92,595,369,19,23,3.380853831487904
91,614,395,20,23,3.368665465740895
92,596,371,18,23,3.368626179545016
91,614,397,20,23,3.353042419020386
92,588,366,26,30,3.3530038220856917
91,614,400,20,22,3.33664654695432
92,590,370,23,28,3.3365988119156427
91,583,369,47,56,3.3244935290399806
91,585,375,45,51,3.31270243113691
91,582,376,48,52,3.3008470233780294
91,582,376,47,54,3.289127176476883
91,585,382,30,48,3.273940399904155
91,584,390,40,30,3.2622718347890443
91,572,399,54,17,3.2507515104435183
93,535,390,24,16,3.2507088036056158
91,583,401,27,11,3.239532296692272
93,526,384,57,23,3.2394952806481574
93,528,384,38,18,3.2282116647281076
94,492,374,30,16,3.2281604153898886
93,528,386,36,14,3.2137004831335267
94,479,367,46,21,3.2136478235140995
94,468,366,95,30,3.2021967470155652
94,459,364,73,22,3.190936569791491
94,440,354,86,28,3.1798750409484136
94,434,351,83,27,3.1688100091318887
94,428,348,89,28,3.154877037025731
94,422,345,84,29,3.1440568029214933
94,411,340,90,32,3.1333444532088364
94,405,338,96,32,3.1228709033480184
94,400,335,102,34,3.1123881361803094
94,395,333,95,34,3.102181391640328
94,386,330,90,32,3.0919602184669266
94,382,328,65,30,3.078384276032723
94,378,327,69,31,3.068134967882084
94,374,326,70,30,3.0578908326911316
94,365,323,79,30,3.0478970677911286
94,361,322,71,28,3.034773184870474
94,358,321,69,26,3.0247931965155694
94,354,319,61,27,3.0149041755605976
94,348,316,59,28,3.005259349351484
94,346,315,60,25,2.9955938163831455
94,343,314,55,26,2.9858760889393303
94,341,312,55,25,2.976190348052735
94,335,309,66,28,2.966675476110607
94,332,308,90,29,2.9572156745320908
94,329,307,93,30,2.944833200931155
94,327,306,94,30,2.9354722081237217
94,321,304,100,32,2.9233513028635807
94,318,302,103,34,2.91418804712824
94,317,301,105,35,2.904972096876295
94,314,300,68,24,2.8960165768449815
94,310,298,71,25,2.886955706320668
94,308,297,72,25,2.8780888573922905
94,306,296,74,25,2.8691859753497315
94,304,296,63,21,2.8604682543261415
94,308,288,27,25,2.8517195903869035
94,320,265,15,46,2.8431488012135184
94,326,252,20,54,2.834468764196104
94,328,242,21,64,2.8258616347596077
94,332,219,24,84,2.8173276601767228
94,333,210,25,93,2.808828789404431
94,334,198,28,105,2.800295732021548
94,336,188,27,112,2.791839484552036
94,344,172,22,98,2.7832446184405746
94,347,166,21,88,2.7748328861096168
94,348,160,21,89,2.7666917585715987
94,350,154,20,93,2.758507433759003
95,0,315,11,26,2.750443325558493
94,352,144,18,86,2.7503977952479217
95,0,313,12,30,2.7398708365926447
94,354,138,17,90,2.739818642119715
95,0,311,12,30,2.7314679343030157
94,354,132,18,95,2.7314225437306265
95,0,310,13,33,2.723517400568375
94,355,126,17,89,2.723472542454591
95,2,310,12,34,2.7155872717954996
94,336,112,44,90,2.715543582481795
95,2,310,12,34,2.7076227969539657
96,324,92,49,82,2.7075699655310315
96,321,82,46,80,2.6996734419044275
96,317,80,37,56,2.691959036798459
97,258,82,48,76,2.6512322747371586
97,267,96,57,91,2.643689997380623
98,292,128,39,78,2.635939875379999
98,296,144,42,80,2.6285681517431234
98,306,150,38,89,2.6211987297028108
98,310,158,32,68,2.61381152954565
99,332,184,20,56,2.606589704156027
100,0,75,11,106,2.6065478277587695
101,9,305,10,35,2.599237136571674
102,302,232,27,14,2.5991985787084046
100,0,74,14,145,2.599167361377956
101,11,304,11,34,2.5897171761229605
103,258,196,69,42,2.589673605758984
104,0,74,15,214,2.589636302532054
101,11,303,13,34,2.5821054917865087
103,242,188,81,44,2.5820649778459517
104,0,74,16,241,2.5820337844266663
101,13,303,12,34,2.5748992402570994
103,227,180,86,44,2.5748595283570315
104,0,74,17,244,2.5748279325812096
101,14,301,11,35,2.5655883929895387
103,220,172,92,50,2.565539195073087
104,0,74,17,245,2.5655032036064638
105,0,364,5,72,2.5583057157778346
101,15,295,13,35,2.5582623901265107
106,234,152,70,37,2.5582266025387685
104,0,74,20,245,2.5581895835843524
105,0,361,6,76,2.5510192064065182
101,16,293,14,37,2.5509733464259
106,248,149,72,31,2.5509409202199373
104,0,74,21,245,2.5509041589486157
105,0,357,8,81,2.5438212338317534
101,17,294,14,35,2.5437821466884563
106,269,142,67,34,2.5437510746725445
104,0,74,22,245,2.543724361781529
105,0,351,13,87,2.536803541043194
101,18,293,15,36,2.5367619193847473
106,289,135,61,43,2.5367333955878517
104,0,74,26,245,2.5367024955317348
105,0,341,14,97,2.527610242229371
101,22,294,14,35,2.5275697082976274
106,296,134,70,50,2.527540187827642
104,0,74,27,245,2.527512611334438
105,0,340,15,98,2.5205829709380168
101,22,294,15,35,2.520542846132139
106,300,132,70,54,2.5205152380626568
104,0,74,28,248,2.5204830294126443
105,0,338,15,100,2.513567209733629
101,23,294,14,36,2.51352611826925
106,313,140,55,42,2.513499624596473
104,0,74,28,248,2.513472216358698
105,0,338,16,100,2.5044579822049875
101,22,295,15,36,2.50442045878474
106,326,146,28,14,2.5043952923749737
104,1,74,28,235,2.504365901919354
105,0,338,16,100,2.4974790794610424
101,23,296,14,36,2.497440996908718
107,386,148,68,42,2.4974137119033006
104,2,74,27,235,2.497391938535299
105,0,330,16,108,2.4907201141082504
101,25,297,14,35,2.490682731634139
107,395,150,73,46,2.490653752002678
104,4,74,27,235,2.4906305687830494
105,0,320,17,118,2.481909137740194
101,26,297,13,35,2.481866308844971
107,416,160,69,46,2.481833742028577
104,5,74,26,235,2.4818088936763996
105,1,320,18,118,2.475025084942328
101,27,296,14,36,2.4749822271108095
107,421,163,83,50,2.4749521476558805
104,6,74,26,235,2.474928634726813
105,3,318,17,120,2.4680998745230083
101,29,294,13,36,2.4680595061888835
108,492,184,42,18,2.4680289330179046
104,7,74,27,234,2.468009742453374
105,4,318,18,120,2.459401845029966
101,30,295,13,34,2.459357730460334
108,509,170,46,22,2.45932763533137
104,10,74,25,215,2.4593068276306695
105,10,318,12,120,2.4527266557690366
101,33,294,10,35,2.4526875730111843
108,523,168,44,19,2.452662520616379
104,15,74,20,220,2.4526464437839186
105,13,320,9,118,2.4461685137261955
101,33,294,10,34,2.4461287296078025
109,537,152,63,28,2.4461021209087894
104,15,74,20,222,2.446085826616685
105,13,324,9,114,2.4396013796500835
101,33,293,10,34,2.4395608605530836
109,562,148,52,20,2.4395259893440584
104,16,74,19,213,2.4395109894272906
105,14,326,8,112,2.430985514239749
109,570,144,51,20,2.4309433548012724
104,16,74,19,212,2.430924993431897
105,14,333,7,105,2.424490600980864
109,586,143,28,23,2.4244554355344476
104,17,74,17,204,2.424440960949721
105,14,337,7,101,2.418139730585137
109,580,114,38,54,2.4181040291787013
104,17,74,17,191,2.41808895274477
105,15,336,6,102,2.4118961119287907
109,541,100,82,60,2.411858867258791
104,21,90,10,147,2.4118426046754395
105,16,337,3,96,2.40365424267595
109,526,96,80,48,2.4036164989224447
109,514,88,80,56,2.3969021702563316
109,508,82,90,63,2.3907969526579533
109,492,77,76,58,2.3845797181141393
110,25,292,7,34,2.3784672140520766
109,494,77,65,53,2.3784333709952246
109,508,80,23,48,2.3724443008836773
111,512,81,48,9,2.364482973008117
111,516,86,73,19,2.3584438883425074
111,517,90,84,15,2.352521830867089
111,544,84,58,30,2.3466712378747334
111,557,82,58,50,2.3408212176569174
111,570,88,56,51,2.3348304229826016
111,590,92,40,62,2.327197538138914
111,608,92,20,52,2.3212908596036232
112,587,128,25,18,2.31545388937432
113,498,176,26,22,2.3097215041073946
113,476,169,58,42,2.304106480991241
113,458,170,72,59,2.2966409753116603
114,438,184,70,64,2.290934876890881
115,414,212,64,59,2.285343758971338
115,402,220,70,62,2.2797372162889116
115,394,234,64,62,2.274092265930971
116,394,258,38,66,2.268592313003743
117,358,351,28,34,2.2613624770028795
118,378,324,18,21,2.2613316992538954
117,338,353,46,66,2.2559172180729603
119,322,399,52,22,2.2504639324732594
119,321,378,14,45,2.2433512611125033
120,352,288,8,27,2.237886845204305
120,348,258,19,69,2.2324772853291033
120,347,234,20,76,2.2271134294334254
120,344,248,14,52,2.221664925395818
121,355,213,10,34,2.221634325054027
121,352,176,24,71,2.2163571433689864
121,345,153,30,71,2.2111308219435304
121,342,126,26,81,2.204210209445009
121,336,98,25,100,2.1990111106318913
122,334,78,12,66,2.1938249423315628
122,334,78,10,50,2.1885592739291098
122,330,80,11,25,2.183427858452794
123,116,75,16,130,2.1767915959280515
124,358,80,20,28,2.1715376397676986
123,112,75,19,165,2.1715091560643365
124,354,80,38,45,2.1663393715456114
123,111,75,20,169,2.166309154634573
124,358,86,49,58,2.161209807253177
123,110,75,21,169,2.1611851120198353
124,360,96,55,63,2.156179867038119
123,110,75,21,169,2.1561551519346938
125,159,187,5,109,2.15121280163614
126,375,120,69,58,2.1511874629084327
127,108,75,23,362,2.1511697663732687
126,373,118,79,66,2.146253288012656
127,107,75,23,362,2.1462278324493944
126,390,135,69,55,2.139762381902965
127,107,75,22,362,2.139734725677258
126,397,140,69,55,2.13480482899292
127,106,75,23,362,2.1347771357345664
126,410,162,78,19,2.129769990540579
127,106,75,23,362,2.1297444974020068
126,416,164,88,16,2.1248020399609935
127,106,75,23,362,2.1247792814987303
126,422,162,94,18,2.1198842592850338
128,106,75,21,215,2.119861182931434
126,424,161,104,18,2.113532933197801
128,106,75,20,207,2.113507147882933
126,440,158,108,17,2.108737230047369
128,107,125,11,123,2.1087162636902406
126,467,160,86,14,2.1040355411082383
128,107,125,10,114,2.1040162071470774
126,468,160,94,15,2.0993478447347376
126,480,160,88,16,2.0946555353899354
126,508,162,73,14,2.0900458795648436
126,500,162,87,14,2.0839686747863744
126,518,162,75,15,2.079162611177667
126,520,162,78,16,2.074521163674981
126,520,162,87,18,2.069863962683682
126,533,162,77,20,2.0653009330756604
126,539,162,75,19,2.060752318254583
126,540,164,78,17,2.0562792154022906
126,545,164,77,17,2.0503873183539825
129,584,163,48,14,2.0458790154604367
129,587,163,48,15,2.041377848053083
129,598,164,38,12,2.037015987814414
129,601,164,39,12,2.0326833514940814
129,606,160,34,14,2.0283924988228783
129,611,159,29,15,2.022670986162473
129,613,157,27,15,2.018274997197039
129,610,156,30,14,2.013931562851198
129,615,155,25,15,2.0095419089005224
129,618,154,22,14,2.0052607250338537
129,616,154,24,14,2.000995916909565
129,620,154,20,14,1.9967862029674344
130,14,267,8,32,1.9925686578415662
130,15,269,8,31,1.988334931097754
130,16,269,9,31,1.9841483548355658
130,16,269,9,30,1.9786770978568402
131,597,384,16,48,1.9744096644785152
132,567,98,24,162,1.9743937969700422
131,578,382,38,50,1.9702787078198674
132,568,98,24,162,1.970264115617403
131,552,392,72,28,1.9661676049532124
131,535,390,84,25,1.9607657452832659
131,506,378,104,34,1.956610131028187
131,492,371,92,35,1.9524789415762405
131,480,368,90,34,1.9483778904939015
133,545,389,30,7,1.9443333763818387
131,469,364,70,28,1.944318235032165
131,483,367,51,18,1.9402805606887281
134,448,357,32,18,1.9402639554922656
131,487,366,48,18,1.934920161867047
134,442,354,44,21,1.9349038923344695
134,434,351,76,27,1.9309253827467545
134,428,348,84,28,1.926965163877508
134,417,342,85,30,1.9230113265870583
134,411,340,74,28,1.9190826171697948
134,405,337,80,29,1.9152277357273308
134,400,335,79,31,1.9113111010905663
134,392,332,77,30,1.906205966027039
134,424,342,43,20,1.902236261564453
135,387,330,36,21,1.9022161341998225
134,382,328,82,32,1.8982903122280836
134,378,327,82,31,1.894424666313439
134,370,324,82,33,1.8905720399840682
134,365,323,71,26,1.8855164353278426
134,361,322,67,26,1.8816824816236177
134,358,321,62,27,1.8778887604415313
134,351,317,62,27,1.874195299686512
134,348,316,58,27,1.8704933044048326
134,345,315,57,26,1.8655183870610343
134,343,314,57,24,1.8617550305539616
134,338,311,60,25,1.85812827589305
134,335,309,63,25,1.8544439872944527
134,332,308,74,25,1.8507894385556083
134,329,307,83,27,1.8471233925585704
134,324,305,88,29,1.843472727355751
134,321,303,83,28,1.839831953040942
134,319,302,87,29,1.836223162446605
134,356,312,54,20,1.8326336581508198
136,317,301,38,21,1.8326134686304303
134,312,299,98,33,1.829057191010843
134,348,309,62,23,1.8254660795620503
137,310,298,41,22,1.825443223918546
137,308,297,54,19,1.8218698095508938
137,306,296,33,19,1.818319625438458
137,302,295,30,18,1.8147848487210019
137,308,290,21,20,1.8112924446327003
137,320,270,14,37,1.8078128173101573
137,327,254,19,52,1.8043596676778912
137,329,228,26,77,1.8008843089754305
137,332,219,26,84,1.7974463435765853
137,332,210,28,93,1.7939967705355273
137,335,202,27,98,1.7905822173487091
137,340,180,24,110,1.787179087524451
137,342,172,24,114,1.783813989018267
137,346,166,21,112,1.7804889993030846
137,348,160,21,95,1.7770785277765468
137,352,151,20,83,1.7737846156882002
137,352,143,18,83,1.770507137482724
137,352,139,20,85,1.7672346460775072
137,353,134,19,90,1.7628246279115125
137,356,122,16,88,1.7595044557843411
137,336,118,44,77,1.7561601329814887
137,326,98,44,74,1.752833283609341
137,319,82,47,80,1.7495414056892893
138,323,80,23,36,1.7463090243140567
139,258,82,30,52,1.7324384983163186
139,267,93,37,65,1.7292788460146777
139,268,96,55,90,1.7261614930092097
139,278,112,50,96,1.722997990821611
139,292,130,46,94,1.7199156047072723
139,305,145,34,78,1.7168302444526753
139,308,154,31,69,1.7137401719641188
140,336,182,16,59,1.7106510295076816
141,12,306,9,32,1.7075191748529794
142,278,208,50,32,1.7075036962203176
143,0,79,13,159,1.7074904984263968
141,13,306,9,33,1.704425950814017
142,300,217,27,21,1.704410780692751
144,261,198,38,26,1.7043957791601672
145,0,79,14,209,1.7043841442122407
141,13,305,10,33,1.7003229448109034
144,244,188,72,42,1.7003030107369623
145,0,74,16,220,1.7002874532708052
141,14,304,11,33,1.6971700310042872
144,227,180,81,44,1.6971526324291004
145,0,74,16,224,1.6971385511096553
141,15,298,11,35,1.6940377051367708
146,235,164,21,46,1.6940206201376964
147,0,158,12,152,1.694007359755515
148,6,74,13,84,1.6939936007696366
149,0,363,5,73,1.689990231696236
141,15,296,13,35,1.6899708908083892
146,226,153,73,55,1.6899544669153823
150,0,74,19,234,1.689937381441038
149,0,361,6,76,1.6868355666634964
141,16,293,14,37,1.6868140310314665
151,249,149,71,32,1.6867996055567842
150,0,74,21,233,1.6867842117866496
149,0,355,7,82,1.6836829867430878
141,17,293,14,37,1.6836602586090241
151,271,145,65,30,1.6836448399622694
150,2,74,19,233,1.6836295242492065
149,0,343,13,95,1.6805727495838365
141,21,293,14,37,1.6805555669056094
152,295,131,67,47,1.6805425573972488
150,3,74,23,233,1.6805291594505856
149,0,342,14,96,1.6774367887789248
141,23,293,13,37,1.6774199350947872
152,300,128,69,55,1.6774083190888454
150,4,74,22,233,1.6773950525841177
149,0,339,14,99,1.674404896396166
141,23,293,14,37,1.6743882863307313
152,302,130,72,53,1.6743750066377248
150,4,74,23,233,1.6743619708136905
149,0,337,15,101,1.670452606079659
141,24,294,14,38,1.670433952312766
152,314,139,56,41,1.6704205533852003
150,4,74,24,230,1.670397757513699
149,1,337,14,101,1.6673578090745302
141,24,297,14,36,1.6673391438221996
153,376,140,57,38,1.6673269824371146
150,6,74,22,230,1.6673127071303075
149,2,336,13,102,1.6643302494808196
141,24,297,14,37,1.6643134173941345
154,410,161,44,31,1.6643007183216445
153,379,144,31,16,1.6642907879023523
150,6,74,22,230,1.6642800150360415
149,2,332,14,106,1.6604470071227122
141,25,297,14,36,1.6604292550718096
154,396,150,71,48,1.6604130009958886
150,8,74,21,217,1.6603996026050145
149,4,328,13,109,1.6573528311772208
141,27,297,12,37,1.6573352248007756
154,416,160,68,46,1.6573231492311657
150,8,74,22,216,1.657313779346997
149,6,317,14,120,1.6535234884858316
141,29,296,13,35,1.6535071317038343
154,431,172,61,28,1.653496577196673
150,10,74,23,217,1.6534886960578081
149,7,318,14,119,1.6497444432587423
141,29,295,14,35,1.6497310587949712
155,496,180,44,18,1.6497220308109835
150,12,74,22,221,1.6497154274354824
149,10,319,12,118,1.6461139361575967
141,33,295,10,34,1.646102494559281
155,512,168,48,25,1.6460954098757372
150,14,74,20,221,1.6460902877463945
149,10,315,13,122,1.6425953170932062
141,33,293,11,36,1.642582126545674
155,526,160,55,26,1.642573997365596
150,16,74,18,222,1.6425687603402768
149,11,316,12,121,1.638720447614597
141,33,293,11,36,1.6387028264482721
155,540,165,25,13,1.6386900289734208
156,568,152,38,14,1.6386820160666107
150,16,74,18,222,1.6386747033850977
149,11,327,12,110,1.6355605433926808
141,33,293,10,35,1.6355312687691939
156,567,148,48,18,1.6355107132237197
150,16,74,18,222,1.6355004065848502
149,13,329,9,108,1.6323238137690845
156,572,144,52,22,1.6323020265321921
150,17,74,17,221,1.632292976026381
149,13,337,9,100,1.6291856615948765
150,16,74,18,222,1.6291626700800437
149,14,337,8,100,1.6261410025597718
157,560,110,62,56,1.6261228656658284
150,18,74,15,191,1.6261148219775328
149,15,337,7,100,1.6233285349449809
158,19,162,7,103,1.623312140262861
157,542,100,73,50,1.6233011088703504
157,530,97,77,47,1.6204819198442646
157,518,89,78,55,1.6176048080161722
157,500,80,74,56,1.6147541920008175
157,496,80,71,52,1.6118983812600791
157,498,80,68,54,1.6089946945228262
157,508,80,26,48,1.6062201711751616
157,503,82,75,18,1.603420080628226
157,512,86,80,18,1.6006669784256708
157,520,86,82,20,1.5979592474665703
157,546,84,54,28,1.5951672188828638
159,565,84,61,56,1.5916158149022168
159,568,84,56,58,1.5889401484348926
159,568,84,63,81,1.5862713671753452
159,610,94,16,48,1.583604833554685
160,526,144,54,36,1.5809814278821681
161,502,160,52,37,1.5783271316450072
162,476,174,54,42,1.575728307818218
162,457,186,53,44,1.5722845023696133
163,426,202,62,56,1.569599847266445
163,412,213,66,58,1.5669304973967713
163,399,222,70,61,1.564290769773358
163,392,235,65,59,1.5617268330463245
164,378,279,52,66,1.5591154746972269
165,352,348,34,42,1.556565881524638
164,380,306,29,40,1.5565515271033015
165,338,354,46,63,1.5540237387904166
165,322,392,56,28,1.5514671523196326
166,328,320,25,70,1.548938790596689
167,350,285,13,27,1.5456137677635606
167,347,258,19,74,1.543049177992223
167,346,270,12,44,1.540472442514551
168,355,234,12,35,1.5404589505529172
168,348,190,26,81,1.5378327493480044
168,352,175,23,72,1.5353262300363206
168,346,153,28,71,1.5328464512088202
168,342,126,26,82,1.5303651198999284
169,334,78,15,84,1.5279196904724288
170,121,74,19,205,1.527906502036716
169,334,78,13,50,1.5246353432157147
170,120,74,20,237,1.5246208645790293
169,334,79,10,39,1.522080273296255
170,118,74,20,262,1.5220669841255003
169,330,78,10,20,1.5195689061074937
171,116,74,22,364,1.5195537709680216
171,114,74,24,364,1.517065812563936
172,163,304,5,70,1.5145282544395786
173,354,78,23,28,1.5145125051866406
171,112,74,25,364,1.514503301660927
172,162,307,5,67,1.5119891537145282
173,354,80,37,46,1.5119761560700953
171,111,74,25,364,1.5119672648165723
172,161,305,5,69,1.5095210490198812
174,376,115,30,29,1.5095052552022996
173,354,83,21,28,1.509496260960675
171,110,74,24,364,1.5094870522885542
172,160,307,5,73,1.507072092603601
174,366,110,64,59,1.5070586365143555
171,109,74,25,364,1.5070484376825897
172,160,306,5,74,1.5038835461106341
175,159,168,6,121,1.503867673477222
174,378,122,65,56,1.5038562073870185
171,108,74,25,363,1.5038457570171042
172,159,310,6,70,1.5014245536759006
174,380,127,72,59,1.5014098431248732
171,108,74,24,363,1.5014001777477128
172,158,310,6,70,1.4990009137178262
176,158,163,6,125,1.498986624924702
174,378,128,80,62,1.4989756399899163
171,107,74,25,363,1.4989655339921084
172,158,306,6,73,1.4965970414633927
176,157,162,6,126,1.4965835608934572
174,394,136,80,56,1.4965713945225898
171,106,74,26,363,1.4965626024150378
172,158,308,5,72,1.494194495712763
174,400,160,80,22,1.494182885592687
176,157,159,6,127,1.4941751563927324
171,105,74,24,364,1.4941653899029643
172,158,304,5,75,1.491079312745995
174,416,164,89,16,1.4910653517019232
171,106,74,22,364,1.4910579123596062
172,158,304,5,72,1.4886966670198198
174,422,162,92,18,1.4886822690237045
171,106,74,21,364,1.4886743879642892
172,158,301,6,73,1.485554807238704
174,428,160,110,16,1.48553866382451
171,107,74,19,363,1.485529809071077
177,108,284,12,153,1.4831312352261328
174,432,160,118,16,1.483115526793454
178,107,74,18,196,1.4831066371787882
174,474,160,82,14,1.480682640022701
179,111,74,12,96,1.4806729062104318
174,475,160,87,14,1.478296166998935
174,490,161,83,14,1.475991987720565
174,491,162,89,14,1.4729462561890487
174,508,162,78,14,1.470638175063637
174,517,162,77,15,1.468248438603471
174,520,160,82,18,1.465963917306548
174,519,160,86,19,1.4636941904582907
174,542,162,68,18,1.4607059961353384
174,544,162,70,18,1.4583858047486649
174,549,164,73,16,1.4560958527249945
174,562,165,31,14,1.453770250246837
180,593,164,33,10,1.453763055945235
180,594,164,38,14,1.450979210709961
180,599,164,34,13,1.448118076359504
180,601,164,37,12,1.4452262681242496
180,602,162,38,14,1.4429939977393442
180,613,162,27,13,1.4407698604357466
180,606,160,34,14,1.4385816168060197
180,609,158,31,13,1.436413549046023
180,609,156,31,14,1.434210022697992
180,611,156,29,14,1.4320478831617969
180,619,156,21,13,1.4298567876406654
180,612,154,28,12,1.427624572838724
180,609,154,31,12,1.4252965660000865
181,16,270,10,29,1.4181236245038806
182,556,351,26,27,1.4153875582158137
183,512,309,36,33,1.4153794619671332
184,574,214,16,30,1.4153736147340232
185,546,100,24,158,1.4153679561673358
186,630,74,10,34,1.4153619349217028
187,90,74,34,364,1.4153581626011438
182,556,352,26,26,1.4126012831600938
183,512,308,35,34,1.41259316094683
184,574,211,18,34,1.4125873511647495
185,573,166,7,42,1.4125826686885992
185,549,100,21,158,1.412577523781462
186,630,74,10,34,1.4125720754234703
187,91,74,33,364,1.412568621446405
182,556,352,26,26,1.4104560636260037
183,509,308,39,34,1.4104482686395172
184,574,211,18,34,1.4104413238257973
185,573,167,8,41,1.4104369149131588
185,548,98,23,160,1.4104306762047907
186,630,74,10,34,1.410425071499994
187,91,74,32,364,1.4104210228849072
182,556,351,26,27,1.4076595439298047
183,508,308,38,32,1.4076523825786165
184,574,211,18,34,1.4076464842058078
185,570,134,11,74,1.407641906184099
185,548,97,23,157,1.4076371559798861
187,91,74,32,364,1.4076313151382904
182,556,349,26,25,1.405502368897806
183,503,304,44,38,1.4054948002573566
184,574,211,18,33,1.405487961366904
185,552,100,19,154,1.4054830969246612
187,92,74,31,364,1.4054773454805103
182,556,348,23,29,1.4033349071904937
183,503,304,44,38,1.4033268341344687
184,575,211,17,32,1.4033205440615566
187,92,74,31,364,1.4033150385111353
182,555,342,23,34,1.401153601690082
183,503,304,51,44,1.4011460371564193
184,576,212,16,30,1.4011400083384558
187,93,74,29,364,1.4011345909778903
182,556,348,22,27,1.398990364374707
183,503,304,42,32,1.3989829365814892
184,576,210,17,32,1.3989764585895814
187,93,74,28,364,1.3989712989190364
182,556,347,24,27,1.3967332291526
183,503,303,44,37,1.396727012178595
184,577,211,13,31,1.3967196083999363
187,92,74,29,364,1.3967153837598814
182,556,347,24,26,1.394645717380725
183,520,315,27,25,1.394639096359677
184,577,209,16,33,1.394634377159644
187,92,74,28,364,1.3946250233769513
188,574,126,11,73,1.3812530040185553
189,555,366,22,20,1.328264065764868
190,586,354,18,14,1.2873743412275171
190,588,354,20,16,1.2855794659284392
190,586,354,28,18,1.2838253403486268
190,590,356,28,18,1.2820957815182683
190,584,352,40,25,1.2803568661234739
190,584,352,41,22,1.2786236559853557
190,586,352,40,22,1.2769099051588364
190,590,355,37,19,1.275187786815891
190,594,354,33,20,1.273420601447843
190,600,353,28,17,1.2717075945907161
190,598,352,30,24,1.2700071105023227
190,608,356,22,23,1.2682805855800647
190,613,362,17,20,1.2665753168445515
190,613,364,17,19,1.2648608731737059
191,602,369,28,25,1.2614806209703444
191,602,369,31,35,1.2597975425668915
191,600,370,33,38,1.2581334058915512
191,594,369,40,43,1.2564749634250258
191,594,370,42,46,1.2542622050106926
191,592,368,44,51,1.2525788091355574
